id,name,count
"13-2011","Accountants and Auditors",403
"27-2011","Actors",55
"15-2011","Actuaries",75
"51-9191","Adhesive Bonding Machine Operators and Tenders",70
"23-1021","Administrative Law Judges, Adjudicators, and Hearing Officers",43
"11-3011","Administrative Services Managers",381
"25-3011","Adult Basic and Secondary Education and Literacy Teachers and Instructors",182
"41-3011","Advertising Sales Agents",322
"11-2011","Advertising and Promotions Managers",128
"17-3021","Aerospace Engineering and Operations Technicians",35
"17-2011","Aerospace Engineers",67
"13-1011","Agents and Business Managers of Artists, Performers, and Athletes",41
"17-2021","Agricultural Engineers",10
"45-2091","Agricultural Equipment Operators",56
"45-2011","Agricultural Inspectors",63
"25-1041","Agricultural Sciences Teachers, Postsecondary",10
"45-2099","Agricultural Workers, All Other",27
"19-4011","Agricultural and Food Science Technicians",82
"53-2021","Air Traffic Controllers",22
"53-1011","Aircraft Cargo Handling Supervisors",34
"49-3011","Aircraft Mechanics and Service Technicians",184
"51-2011","Aircraft Structure, Surfaces, Rigging, and Systems Assemblers",20
"53-2022","Airfield Operations Specialists",25
"53-2011","Airline Pilots, Copilots, and Flight Engineers",50
"00-0000","All Occupations",403
"53-3011","Ambulance Drivers and Attendants, Except Emergency Medical Technicians",59
"39-3091","Amusement and Recreation Attendants",356
"29-1061","Anesthesiologists",98
"45-2021","Animal Breeders",2
"33-9011","Animal Control Workers",88
"19-1011","Animal Scientists",9
"39-2011","Animal Trainers",67
"19-3091","Anthropologists and Archeologists",31
"25-1061","Anthropology and Archeology Teachers, Postsecondary",34
"13-2021","Appraisers and Assessors of Real Estate",259
"23-1022","Arbitrators, Mediators, and Conciliators",54
"17-1011","Architects, Except Landscape and Naval",220
"17-3011","Architectural and Civil Drafters",277
"11-9041","Architectural and Engineering Managers",313
"25-1031","Architecture Teachers, Postsecondary",23
"17-0000","Architecture and Engineering Occupations",398
"25-4011","Archivists",28
"25-1062","Area, Ethnic, and Cultural Studies Teachers, Postsecondary",31
"27-1011","Art Directors",112
"25-1121","Art, Drama, and Music Teachers, Postsecondary",151
"27-1019","Artists and Related Workers, All Other",29
"27-0000","Arts, Design, Entertainment, Sports, and Media Occupations",399
"51-2099","Assemblers and Fabricators, All Other",329
"19-2011","Astronomers",4
"27-2021","Athletes and Sports Competitors",52
"29-9091","Athletic Trainers",112
"19-2021","Atmospheric and Space Scientists",49
"25-1051","Atmospheric, Earth, Marine, and Space Sciences Teachers, Postsecondary",32
"27-4011","Audio and Video Equipment Technicians",145
"25-9011","Audio-Visual and Multimedia Collections Specialists",50
"29-1181","Audiologists",90
"49-3021","Automotive Body and Related Repairers",375
"49-3022","Automotive Glass Installers and Repairers",49
"49-3023","Automotive Service Technicians and Mechanics",402
"53-6031","Automotive and Watercraft Service Attendants",288
"49-2091","Avionics Technicians",63
"39-6011","Baggage Porters and Bellhops",111
"33-3011","Bailiffs",53
"51-3011","Bakers",350
"39-5011","Barbers",18
"35-3011","Bartenders",392
"49-3091","Bicycle Repairers",29
"43-3011","Bill and Account Collectors",386
"43-3021","Billing and Posting Clerks",402
"19-1021","Biochemists and Biophysicists",58
"25-1042","Biological Science Teachers, Postsecondary",138
"19-1029","Biological Scientists, All Other",102
"19-4021","Biological Technicians",158
"17-2031","Biomedical Engineers",64
"47-2011","Boilermakers",48
"43-3031","Bookkeeping, Accounting, and Auditing Clerks",403
"47-2021","Brickmasons and Blockmasons",241
"53-6011","Bridge and Lock Tenders",5
"27-3021","Broadcast News Analysts",30
"27-4012","Broadcast Technicians",145
"43-4011","Brokerage Clerks",139
"13-2031","Budget Analysts",184
"37-2019","Building Cleaning Workers, All Other",26
"37-0000","Building and Grounds Cleaning and Maintenance Occupations",402
"53-3022","Bus Drivers, School or Special Client",348
"53-3021","Bus Drivers, Transit and Intercity",170
"49-3031","Bus and Truck Mechanics and Diesel Engine Specialists",387
"13-1199","Business Operations Specialists, All Other*",395
"25-1011","Business Teachers, Postsecondary",180
"13-0000","Business and Financial Operations Occupations",403
"51-3021","Butchers and Meat Cutters",374
"13-1021","Buyers and Purchasing Agents, Farm Products",60
"51-7011","Cabinetmakers and Bench Carpenters",290
"27-4031","Camera Operators, Television, Video, and Motion Picture",92
"49-9061","Camera and Photographic Equipment Repairers",13
"53-5021","Captains, Mates, and Pilots of Water Vessels",71
"29-2031","Cardiovascular Technologists and Technicians",207
"25-2023","Career/Technical Education Teachers, Middle School",60
"25-2032","Career/Technical Education Teachers, Secondary School",237
"43-5011","Cargo and Freight Agents",158
"47-2031","Carpenters",399
"47-2041","Carpet Installers",103
"17-1021","Cartographers and Photogrammetrists",72
"41-2011","Cashiers",403
"47-2051","Cement Masons and Concrete Finishers",340
"35-1011","Chefs and Head Cooks",264
"17-2041","Chemical Engineers",118
"51-9011","Chemical Equipment Operators and Tenders",113
"51-8091","Chemical Plant and System Operators",63
"19-4031","Chemical Technicians",206
"25-1052","Chemistry Teachers, Postsecondary",110
"19-2031","Chemists",213
"11-1011","Chief Executives",375
"21-1021","Child, Family, and School Social Workers",388
"39-9011","Childcare Workers",396
"29-1011","Chiropractors",149
"27-2032","Choreographers",50
"17-3022","Civil Engineering Technicians",264
"17-2051","Civil Engineers",352
"13-1031","Claims Adjusters, Examiners, and Investigators",283
"53-7061","Cleaners of Vehicles and Equipment",394
"51-9192","Cleaning, Washing, and Metal Pickling Equipment Operators and Tenders",91
"21-2011","Clergy",176
"19-3031","Clinical, Counseling, and School Psychologists",302
"27-2022","Coaches and Scouts",346
"51-9121","Coating, Painting, and Spraying Machine Setters, Operators, and Tenders",257
"51-2021","Coil Winders, Tapers, and Finishers",56
"49-9091","Coin, Vending, and Amusement Machine Servicers and Repairers",172
"35-3021","Combined Food Preparation and Serving Workers, Including Fast Food",403
"49-9092","Commercial Divers",13
"53-2012","Commercial Pilots",132
"27-1021","Commercial and Industrial Designers",120
"43-2099","Communications Equipment Operators, All Other",12
"25-1122","Communications Teachers, Postsecondary",111
"21-0000","Community and Social Service Occupations",403
"21-1798","Community and Social Service Specialists, All Other*",273
"11-3111","Compensation and Benefits Managers",143
"13-1141","Compensation, Benefits, and Job Analysis Specialists",265
"13-1041","Compliance Officers",361
"17-2061","Computer Hardware Engineers",110
"51-4012","Computer Numerically Controlled Machine Tool Programmers, Metal and Plastic",96
"15-1799","Computer Occupations, All Other*",252
"43-9011","Computer Operators",240
"15-1131","Computer Programmers",341
"25-1021","Computer Science Teachers, Postsecondary",139
"15-1150","Computer Support Specialists",399
"15-1121","Computer Systems Analysts",350
"15-1111","Computer and Information Research Scientists",80
"11-3021","Computer and Information Systems Managers",334
"15-0000","Computer and Mathematical Occupations",401
"49-2011","Computer, Automated Teller, and Office Machine Repairers",281
"51-4011","Computer-Controlled Machine Tool Operators, Metal and Plastic",241
"39-6012","Concierges",80
"19-1031","Conservation Scientists",93
"47-2061","Construction Laborers",402
"11-9021","Construction Managers",363
"47-4011","Construction and Building Inspectors",300
"47-0000","Construction and Extraction Occupations",403
"47-4799","Construction and Related Workers, All Other*",145
"47-5041","Continuous Mining Machine Operators",6
"49-9012","Control and Valve Installers and Repairers, Except Mechanical Door",183
"53-7011","Conveyor Operators and Tenders",126
"35-2019","Cooks, All Other",92
"35-2011","Cooks, Fast Food",366
"35-2012","Cooks, Institution and Cafeteria",400
"35-2014","Cooks, Restaurant",400
"35-2015","Cooks, Short Order",323
"51-9193","Cooling and Freezing Equipment Operators and Tenders",27
"33-3012","Correctional Officers and Jailers",137
"43-4021","Correspondence Clerks",62
"13-1051","Cost Estimators",381
"39-3092","Costume Attendants",26
"21-1019","Counselors, All Other",123
"35-3022","Counter Attendants, Cafeteria, Food Concession, and Coffee Shop",380
"41-2021","Counter and Rental Clerks",401
"43-5021","Couriers and Messengers",272
"23-2091","Court Reporters",74
"43-4031","Court, Municipal, and License Clerks",276
"27-1012","Craft Artists",29
"53-7021","Crane and Tower Operators",168
"13-2041","Credit Analysts",183
"43-4041","Credit Authorizers, Checkers, and Clerks",150
"13-2071","Credit Counselors",132
"25-1111","Criminal Justice and Law Enforcement Teachers, Postsecondary",66
"33-9091","Crossing Guards",159
"51-9021","Crushing, Grinding, and Polishing Machine Setters, Operators, and Tenders",158
"25-4012","Curators",69
"43-4051","Customer Service Representatives",401
"51-9031","Cutters and Trimmers, Hand",72
"51-9032","Cutting and Slicing Machine Setters, Operators, and Tenders",201
"51-4031","Cutting, Punching, and Press Machine Setters, Operators, and Tenders, Metal and Plastic",302
"27-2031","Dancers",28
"43-9021","Data Entry Keyers",359
"15-1141","Database Administrators",241
"41-9011","Demonstrators and Product Promoters",201
"31-9091","Dental Assistants",403
"29-2021","Dental Hygienists",387
"51-9081","Dental Laboratory Technicians",193
"29-1029","Dentists, All Other Specialists",23
"29-1021","Dentists, General",284
"47-5011","Derrick Operators, Oil and Gas",26
"27-1029","Designers, All Other",56
"43-9031","Desktop Publishers",115
"33-3021","Detectives and Criminal Investigators",214
"29-2032","Diagnostic Medical Sonographers",242
"29-2051","Dietetic Technicians",130
"29-1031","Dietitians and Nutritionists",254
"35-9011","Dining Room and Cafeteria Attendants and Bartender Helpers",376
"21-2021","Directors, Religious Activities and Education",81
"35-9021","Dishwashers",399
"43-5032","Dispatchers, Except Police, Fire, and Ambulance",363
"41-9091","Door-to-Door Sales Workers, News and Street Vendors, and Related Workers",32
"17-3019","Drafters, All Other",102
"53-7031","Dredge Operators",5
"51-4032","Drilling and Boring Machine Tool Setters, Operators, and Tenders, Metal and Plastic",96
"53-3031","Driver/Sales Workers",389
"47-2081","Drywall and Ceiling Tile Installers",231
"47-5021","Earth Drillers, Except Oil and Gas",76
"25-1063","Economics Teachers, Postsecondary",69
"19-3011","Economists",51
"27-3041","Editors",248
"11-9039","Education Administrators, All Other",142
"11-9032","Education Administrators, Elementary and Secondary School",366
"11-9033","Education Administrators, Postsecondary",216
"11-9031","Education Administrators, Preschool and Childcare Center/Program",195
"25-1081","Education Teachers, Postsecondary",145
"25-0000","Education, Training, and Library Occupations",395
"25-9099","Education, Training, and Library Workers, All Other",184
"21-1012","Educational, Guidance, School, and Vocational Counselors",389
"49-2092","Electric Motor, Power Tool, and Related Repairers",108
"17-2071","Electrical Engineers",279
"49-9051","Electrical Power-Line Installers and Repairers",227
"51-2022","Electrical and Electronic Equipment Assemblers",219
"17-3012","Electrical and Electronics Drafters",136
"17-3023","Electrical and Electronics Engineering Technicians",293
"49-2093","Electrical and Electronics Installers and Repairers, Transportation Equipment",37
"49-2094","Electrical and Electronics Repairers, Commercial and Industrial Equipment",241
"49-2095","Electrical and Electronics Repairers, Powerhouse, Substation, and Relay",68
"47-2111","Electricians",397
"17-3024","Electro-Mechanical Technicians",70
"51-2023","Electromechanical Equipment Assemblers",113
"49-2096","Electronic Equipment Installers and Repairers, Motor Vehicles",100
"49-2097","Electronic Home Entertainment Equipment Installers and Repairers",156
"17-2072","Electronics Engineers, Except Computer",220
"25-2021","Elementary School Teachers, Except Special Education",359
"47-4021","Elevator Installers and Repairers",54
"43-4061","Eligibility Interviewers, Government Programs",218
"39-4011","Embalmers",33
"11-9161","Emergency Management Directors",73
"29-2041","Emergency Medical Technicians and Paramedics",307
"51-2031","Engine and Other Machine Assemblers",74
"25-1032","Engineering Teachers, Postsecondary",54
"17-3029","Engineering Technicians, Except Drafters, All Other",189
"17-2199","Engineers, All Other",229
"25-1123","English Language and Literature Teachers, Postsecondary",159
"27-2099","Entertainers and Performers, Sports and Related Workers, All Other",40
"39-3099","Entertainment Attendants and Related Workers, All Other",76
"17-3025","Environmental Engineering Technicians",113
"17-2081","Environmental Engineers",187
"25-1053","Environmental Science Teachers, Postsecondary",21
"19-4091","Environmental Science and Protection Technicians, Including Health",163
"19-2041","Environmental Scientists and Specialists, Including Health",245
"19-1041","Epidemiologists",28
"51-9194","Etchers and Engravers",62
"53-7032","Excavating and Loading Machine and Dragline Operators",227
"43-6011","Executive Secretaries and Executive Administrative Assistants",403
"47-5031","Explosives Workers, Ordnance Handling Experts, and Blasters",9
"47-5099","Extraction Workers, All Other",12
"51-4021","Extruding and Drawing Machine Setters, Operators, and Tenders, Metal and Plastic",168
"51-6091","Extruding and Forming Machine Setters, Operators, and Tenders, Synthetic and Glass Fibers",25
"51-9041","Extruding, Forming, Pressing, and Compacting Machine Setters, Operators, and Tenders",179
"49-9093","Fabric Menders, Except Garment",1
"51-6092","Fabric and Apparel Patternmakers",18
"45-4021","Fallers",5
"29-1062","Family and General Practitioners",308
"49-3041","Farm Equipment Mechanics and Service Technicians",111
"13-1074","Farm Labor Contractors",4
"25-9021","Farm and Home Management Advisors",27
"11-9013","Farmers, Ranchers, and Other Agricultural Managers",16
"45-0000","Farming, Fishing, and Forestry Occupations",337
"45-2092","Farmworkers and Laborers, Crop, Nursery, and Greenhouse",209
"45-2093","Farmworkers, Farm, Ranch, and Aquacultural Animals",111
"27-1022","Fashion Designers",34
"47-4031","Fence Erectors",53
"51-2091","Fiberglass Laminators and Fabricators",62
"43-4071","File Clerks",360
"27-4032","Film and Video Editors",76
"13-2051","Financial Analysts",249
"13-2061","Financial Examiners",99
"11-3031","Financial Managers",399
"13-2099","Financial Specialists, All Other",264
"27-1013","Fine Artists, Including Painters, Sculptors, and Illustrators",46
"33-2021","Fire Inspectors and Investigators",85
"33-2011","Firefighters",291
"47-1011","First-Line Supervisors of Construction Trades and Extraction Workers",402
"33-1011","First-Line Supervisors of Correctional Officers",91
"45-1011","First-Line Supervisors of Farming, Fishing, and Forestry Workers",97
"33-1021","First-Line Supervisors of Fire Fighting and Prevention Workers",198
"35-1012","First-Line Supervisors of Food Preparation and Serving Workers",403
"53-1021","First-Line Supervisors of Helpers, Laborers, and Material Movers, Hand",367
"37-1011","First-Line Supervisors of Housekeeping and Janitorial Workers",392
"37-1012","First-Line Supervisors of Landscaping, Lawn Service, and Groundskeeping Workers",327
"49-1011","First-Line Supervisors of Mechanics, Installers, and Repairers",401
"41-1012","First-Line Supervisors of Non-Retail Sales Workers",375
"43-1011","First-Line Supervisors of Office and Administrative Support Workers",403
"39-1021","First-Line Supervisors of Personal Service Workers",356
"33-1012","First-Line Supervisors of Police and Detectives",290
"51-1011","First-Line Supervisors of Production and Operating Workers",402
"33-1099","First-Line Supervisors of Protective Service Workers, All Other",198
"41-1011","First-Line Supervisors of Retail Sales Workers",403
"53-1031","First-Line Supervisors of Transportation and Material-Moving Machine and Vehicle Operators",390
"33-3031","Fish and Game Wardens",5
"45-3011","Fishers and Related Fishing Workers",1
"39-9031","Fitness Trainers and Aerobics Instructors",345
"53-2031","Flight Attendants",23
"47-2042","Floor Layers, Except Carpet, Wood, and Hard Tiles",60
"47-2043","Floor Sanders and Finishers",20
"27-1023","Floral Designers",252
"51-3092","Food Batchmakers",214
"51-3093","Food Cooking Machine Operators and Tenders",123
"35-2021","Food Preparation Workers",402
"35-0000","Food Preparation and Serving Related Occupations",403
"35-9099","Food Preparation and Serving Related Workers, All Other",106
"19-1012","Food Scientists and Technologists",60
"35-3041","Food Servers, Nonrestaurant",327
"11-9051","Food Service Managers",386
"51-3091","Food and Tobacco Roasting, Baking, and Drying Machine Operators and Tenders",73
"25-1124","Foreign Language and Literature Teachers, Postsecondary",98
"19-4092","Forensic Science Technicians",44
"19-4093","Forest and Conservation Technicians",51
"45-4011","Forest and Conservation Workers",7
"19-1032","Foresters",31
"25-1043","Forestry and Conservation Science Teachers, Postsecondary",4
"51-4022","Forging Machine Setters, Operators, and Tenders, Metal and Plastic",66
"51-4071","Foundry Mold and Coremakers",39
"39-4021","Funeral Attendants",160
"39-4831","Funeral Service Managers, Directors, Morticians, and Undertakers",149
"51-9051","Furnace, Kiln, Oven, Drier, and Kettle Operators and Tenders",74
"51-7021","Furniture Finishers",76
"43-3041","Gaming Cage Workers",29
"41-2012","Gaming Change Persons and Booth Cashiers",31
"39-3011","Gaming Dealers",49
"11-9071","Gaming Managers",12
"39-3019","Gaming Service Workers, All Other",15
"39-1011","Gaming Supervisors",39
"33-9031","Gaming Surveillance Officers and Gaming Investigators",24
"39-3012","Gaming and Sports Book Writers and Runners",34
"53-7071","Gas Compressor and Gas Pumping Station Operators",8
"51-8092","Gas Plant Operators",39
"11-1021","General and Operations Managers",403
"19-3092","Geographers",4
"25-1064","Geography Teachers, Postsecondary",15
"19-4041","Geological and Petroleum Technicians",42
"19-2042","Geoscientists, Except Hydrologists and Geographers",123
"47-2121","Glaziers",151
"45-2041","Graders and Sorters, Agricultural Products",69
"25-1191","Graduate Teaching Assistants",34
"27-1024","Graphic Designers",350
"51-9022","Grinding and Polishing Workers, Hand",114
"51-4033","Grinding, Lapping, Polishing, and Buffing Machine Tool Setters, Operators, and Tenders, Metal and Plastic",206
"37-3019","Grounds Maintenance Workers, All Other",57
"39-5012","Hairdressers, Hairstylists, and Cosmetologists",383
"47-4041","Hazardous Materials Removal Workers",132
"29-1199","Health Diagnosing and Treating Practitioners, All Other",103
"21-1091","Health Educators",238
"25-1071","Health Specialties Teachers, Postsecondary",128
"29-2799","Health Technologists and Technicians, All Other*",266
"17-2111","Health and Safety Engineers, Except Mining Safety Engineers and Inspectors",129
"29-0000","Healthcare Practitioners and Technical Occupations",402
"29-9799","Healthcare Practitioners and Technical Workers, All Other*",172
"21-1022","Healthcare Social Workers",347
"31-0000","Healthcare Support Occupations",403
"31-9799","Healthcare Support Workers, All Other*",348
"51-4191","Heat Treating Equipment Setters, Operators, and Tenders, Metal and Plastic",93
"49-9021","Heating, Air Conditioning, and Refrigeration Mechanics and Installers",384
"53-3032","Heavy and Tractor-Trailer Truck Drivers",402
"47-3019","Helpers, Construction Trades, All Other",104
"47-3011","Helpers--Brickmasons, Blockmasons, Stonemasons, and Tile and Marble Setters",163
"47-3012","Helpers--Carpenters",230
"47-3013","Helpers--Electricians",221
"47-5081","Helpers--Extraction Workers",49
"49-9098","Helpers--Installation, Maintenance, and Repair Workers",341
"47-3014","Helpers--Painters, Paperhangers, Plasterers, and Stucco Masons",62
"47-3015","Helpers--Pipelayers, Plumbers, Pipefitters, and Steamfitters",193
"51-9198","Helpers--Production Workers",371
"47-3016","Helpers--Roofers",53
"47-4051","Highway Maintenance Workers",296
"19-3093","Historians",18
"25-1125","History Teachers, Postsecondary",107
"53-7041","Hoist and Winch Operators",7
"49-9031","Home Appliance Repairers",149
"25-1192","Home Economics Teachers, Postsecondary",15
"31-1011","Home Health Aides",380
"35-9031","Hosts and Hostesses, Restaurant, Lounge, and Coffee Shop",386
"43-4081","Hotel, Motel, and Resort Desk Clerks",392
"43-4161","Human Resources Assistants, Except Payroll and Timekeeping",384
"11-3121","Human Resources Managers",220
"13-1078","Human Resources, Training, and Labor Relations Specialists, All Other*",398
"19-2043","Hydrologists",49
"17-3026","Industrial Engineering Technicians",207
"17-2112","Industrial Engineers",338
"49-9041","Industrial Machinery Mechanics",379
"11-3051","Industrial Production Managers",348
"53-7051","Industrial Truck and Tractor Operators",394
"19-3032","Industrial-Organizational Psychologists",4
"15-1179","Information Security Analysts, Web Developers, and Computer Network Architects",313
"43-4199","Information and Record Clerks, All Other",311
"51-9061","Inspectors, Testers, Sorters, Samplers, and Weighers",389
"49-0000","Installation, Maintenance, and Repair Occupations",403
"49-9799","Installation, Maintenance, and Repair Workers, All Other*",326
"25-9031","Instructional Coordinators",328
"47-2131","Insulation Workers, Floor, Ceiling, and Wall",81
"47-2132","Insulation Workers, Mechanical",75
"13-1032","Insurance Appraisers, Auto Damage",58
"43-9041","Insurance Claims and Policy Processing Clerks",297
"41-3021","Insurance Sales Agents",393
"13-2053","Insurance Underwriters",160
"27-1025","Interior Designers",157
"29-1063","Internists, General",153
"27-3091","Interpreters and Translators",166
"43-4111","Interviewers, Except Eligibility and Loan",317
"37-2011","Janitors and Cleaners, Except Maids and Housekeeping Cleaners",402
"51-9071","Jewelers and Precious Stone and Metal Workers",91
"23-1023","Judges, Magistrate Judges, and Magistrates",93
"23-1012","Judicial Law Clerks",100
"25-2012","Kindergarten Teachers, Except Special Education",329
"53-7062","Laborers and Freight, Stock, and Material Movers, Hand",402
"17-1012","Landscape Architects",107
"37-3011","Landscaping and Groundskeeping Workers",403
"51-4034","Lathe and Turning Machine Tool Setters, Operators, and Tenders, Metal and Plastic",133
"51-6011","Laundry and Dry-Cleaning Workers",379
"25-1112","Law Teachers, Postsecondary",35
"23-1011","Lawyers",394
"51-4192","Layout Workers, Metal and Plastic",29
"23-0000","Legal Occupations",399
"43-6012","Legal Secretaries",364
"23-2099","Legal Support Workers, All Other",135
"11-1031","Legislators",242
"25-4021","Librarians",374
"43-4121","Library Assistants, Clerical",295
"25-1082","Library Science Teachers, Postsecondary",15
"25-4031","Library Technicians",326
"29-2061","Licensed Practical and Licensed Vocational Nurses",400
"19-1099","Life Scientists, All Other",49
"19-0000","Life, Physical, and Social Science Occupations",397
"19-4099","Life, Physical, and Social Science Technicians, All Other",165
"33-9092","Lifeguards, Ski Patrol, and Other Recreational Protective Service Workers",234
"53-3033","Light Truck or Delivery Services Drivers",403
"43-4131","Loan Interviewers and Clerks",350
"13-2072","Loan Officers",385
"39-3093","Locker Room, Coatroom, and Dressing Room Attendants",88
"49-9094","Locksmiths and Safe Repairers",121
"11-9081","Lodging Managers",165
"45-4023","Log Graders and Scalers",1
"45-4022","Logging Equipment Operators",58
"45-4029","Logging Workers, All Other",8
"13-1081","Logisticians",233
"53-7063","Machine Feeders and Offbearers",208
"51-4041","Machinists",366
"37-2012","Maids and Housekeeping Cleaners",401
"43-9051","Mail Clerks and Mail Machine Operators, Except Postal Service",256
"49-9043","Maintenance Workers, Machinery",265
"49-9071","Maintenance and Repair Workers, General",403
"39-5091","Makeup Artists, Theatrical and Performance",6
"13-1111","Management Analysts",359
"11-0000","Management Occupations",403
"11-9199","Managers, All Other",358
"39-5092","Manicurists and Pedicurists",130
"49-9095","Manufactured Building and Mobile Home Installers",10
"17-2121","Marine Engineers and Naval Architects",16
"13-1161","Market Research Analysts and Marketing Specialists*",321
"11-2021","Marketing Managers",279
"21-1013","Marriage and Family Therapists",118
"31-9011","Massage Therapists",214
"53-7199","Material Moving Workers, All Other",85
"17-2131","Materials Engineers",101
"19-2032","Materials Scientists",44
"15-2099","Mathematical Science Occupations, All Other",5
"25-1022","Mathematical Science Teachers, Postsecondary",154
"15-2091","Mathematical Technicians",1
"15-2021","Mathematicians",12
"51-3022","Meat, Poultry, and Fish Cutters and Trimmers",159
"49-9011","Mechanical Door Repairers",61
"17-3013","Mechanical Drafters",238
"17-3027","Mechanical Engineering Technicians",171
"17-2141","Mechanical Engineers",330
"27-4099","Media and Communication Equipment Workers, All Other",71
"27-3099","Media and Communication Workers, All Other",79
"51-9082","Medical Appliance Technicians",62
"31-9092","Medical Assistants",396
"31-9093","Medical Equipment Preparers",190
"49-9062","Medical Equipment Repairers",167
"29-2071","Medical Records and Health Information Technicians",381
"19-1042","Medical Scientists, Except Epidemiologists",109
"43-6013","Medical Secretaries",395
"31-9094","Medical Transcriptionists",302
"29-2012","Medical and Clinical Laboratory Technicians",331
"29-2011","Medical and Clinical Laboratory Technologists",323
"11-9111","Medical and Health Services Managers",388
"13-1121","Meeting, Convention, and Event Planners*",189
"21-1014","Mental Health Counselors",275
"21-1023","Mental Health and Substance Abuse Social Workers",299
"27-1026","Merchandise Displayers and Window Trimmers",215
"51-4199","Metal Workers and Plastic Workers, All Other",83
"51-4051","Metal-Refining Furnace Operators and Tenders",53
"43-5041","Meter Readers, Utilities",200
"19-1022","Microbiologists",63
"25-2022","Middle School Teachers, Except Special and Career/Technical Education",337
"51-4035","Milling and Planing Machine Setters, Operators, and Tenders, Metal and Plastic",90
"49-9044","Millwrights",151
"47-5042","Mine Cutting and Channeling Machine Operators",3
"53-7111","Mine Shuttle Car Operators",2
"47-5049","Mining Machine Operators, All Other",2
"17-2151","Mining and Geological Engineers, Including Mining Safety Engineers",24
"51-9023","Mixing and Blending Machine Setters, Operators, and Tenders",282
"49-3042","Mobile Heavy Equipment Mechanics, Except Engines",316
"51-4061","Model Makers, Metal and Plastic",35
"51-7031","Model Makers, Wood",6
"41-9012","Models",4
"51-9195","Molders, Shapers, and Casters, Except Metal and Plastic",153
"51-4072","Molding, Coremaking, and Casting Machine Setters, Operators, and Tenders, Metal and Plastic",214
"39-3021","Motion Picture Projectionists",53
"53-3099","Motor Vehicle Operators, All Other",183
"49-3051","Motorboat Mechanics and Service Technicians",92
"53-5022","Motorboat Operators",14
"49-3052","Motorcycle Mechanics",92
"27-1014","Multimedia Artists and Animators",85
"51-4081","Multiple Machine Tool Setters, Operators, and Tenders, Metal and Plastic",168
"25-4013","Museum Technicians and Conservators",55
"27-2041","Music Directors and Composers",111
"49-9063","Musical Instrument Repairers and Tuners",25
"27-2042","Musicians and Singers",116
"11-9121","Natural Sciences Managers",132
"15-1142","Network and Computer Systems Administrators*",382
"43-4141","New Accounts Clerks",256
"39-2021","Nonfarm Animal Caretakers",347
"17-2161","Nuclear Engineers",27
"29-2033","Nuclear Medicine Technologists",141
"51-8011","Nuclear Power Reactor Operators",1
"19-4051","Nuclear Technicians",12
"31-1012","Nursing Aides, Orderlies, and Attendants*",397
"25-1072","Nursing Instructors and Teachers, Postsecondary",142
"29-1064","Obstetricians and Gynecologists",97
"29-9011","Occupational Health and Safety Specialists",239
"29-9012","Occupational Health and Safety Technicians",68
"29-1122","Occupational Therapists",324
"31-2012","Occupational Therapy Aides",46
"31-2011","Occupational Therapy Assistants",160
"43-9061","Office Clerks, General",403
"43-9071","Office Machine Operators, Except Computer",206
"43-0000","Office and Administrative Support Occupations",403
"43-9799","Office and Administrative Support Workers, All Other*",310
"47-2073","Operating Engineers and Other Construction Equipment Operators",398
"15-2031","Operations Research Analysts",166
"51-9083","Ophthalmic Laboratory Technicians",137
"29-2081","Opticians, Dispensing",292
"29-1041","Optometrists",156
"29-1022","Oral and Maxillofacial Surgeons",11
"43-4151","Order Clerks",355
"29-1023","Orthodontists",17
"29-2091","Orthotists and Prosthetists",49
"49-3053","Outdoor Power Equipment and Other Small Engine Mechanics",171
"51-9111","Packaging and Filling Machine Operators and Tenders",337
"53-7064","Packers and Packagers, Hand",394
"47-2141","Painters, Construction and Maintenance",363
"51-9122","Painters, Transportation Equipment",196
"51-9123","Painting, Coating, and Decorating Workers",137
"51-9196","Paper Goods Machine Setters, Operators, and Tenders",161
"47-2142","Paperhangers",15
"23-2011","Paralegals and Legal Assistants*",349
"33-3041","Parking Enforcement Workers",44
"53-6021","Parking Lot Attendants",195
"41-2022","Parts Salespersons",396
"51-4062","Patternmakers, Metal and Plastic",28
"51-7032","Patternmakers, Wood",1
"47-2071","Paving, Surfacing, and Tamping Equipment Operators",221
"43-3051","Payroll and Timekeeping Clerks",390
"29-1065","Pediatricians, General",109
"39-9021","Personal Care Aides",344
"39-0000","Personal Care and Service Occupations",402
"39-9099","Personal Care and Service Workers, All Other",161
"13-2052","Personal Financial Advisors",262
"37-2021","Pest Control Workers",225
"37-3012","Pesticide Handlers, Sprayers, and Applicators, Vegetation",119
"17-2171","Petroleum Engineers",39
"51-8093","Petroleum Pump System Operators, Refinery Operators, and Gaugers",63
"29-1051","Pharmacists",400
"31-9095","Pharmacy Aides",218
"29-2052","Pharmacy Technicians",400
"25-1126","Philosophy and Religion Teachers, Postsecondary",103
"27-4021","Photographers",241
"51-9151","Photographic Process Workers and Processing Machine Operators",235
"19-2099","Physical Scientists, All Other",68
"31-2022","Physical Therapist Aides",219
"31-2021","Physical Therapist Assistants",297
"29-1123","Physical Therapists",384
"29-1071","Physician Assistants",290
"29-1069","Physicians and Surgeons, All Other",362
"19-2012","Physicists",60
"25-1054","Physics Teachers, Postsecondary",73
"47-2072","Pile-Driver Operators",18
"47-2151","Pipelayers",190
"51-8099","Plant and System Operators, All Other",58
"47-2161","Plasterers and Stucco Masons",89
"51-4193","Plating and Coating Machine Setters, Operators, and Tenders, Metal and Plastic",130
"47-2152","Plumbers, Pipefitters, and Steamfitters",387
"29-1081","Podiatrists",58
"33-3051","Police and Sheriff's Patrol Officers",373
"43-5031","Police, Fire, and Ambulance Dispatchers",295
"25-1065","Political Science Teachers, Postsecondary",82
"19-3094","Political Scientists",7
"43-5051","Postal Service Clerks",282
"43-5052","Postal Service Mail Carriers",395
"43-5053","Postal Service Mail Sorters, Processors, and Processing Machine Operators",270
"11-9131","Postmasters and Mail Superintendents",111
"25-1199","Postsecondary Teachers, All Other",128
"51-4052","Pourers and Casters, Metal",44
"51-8012","Power Distributors and Dispatchers",32
"51-8013","Power Plant Operators",112
"49-9069","Precision Instrument and Equipment Repairers, All Other",84
"51-5111","Prepress Technicians and Workers",199
"25-2011","Preschool Teachers, Except Special Education",384
"51-6021","Pressers, Textile, Garment, and Related Materials",190
"51-5113","Print Binding and Finishing Workers",180
"51-5112","Printing Press Operators",350
"33-9021","Private Detectives and Investigators",87
"21-1092","Probation Officers and Correctional Treatment Specialists",116
"43-3061","Procurement Clerks",289
"27-2012","Producers and Directors",194
"51-0000","Production Occupations",403
"51-9399","Production Workers, All Other*",303
"43-5061","Production, Planning, and Expediting Clerks",386
"43-9081","Proofreaders and Copy Markers",77
"11-9141","Property, Real Estate, and Community Association Managers",297
"33-0000","Protective Service Occupations",401
"33-9099","Protective Service Workers, All Other *",229
"31-1013","Psychiatric Aides",90
"29-2053","Psychiatric Technicians",100
"29-1066","Psychiatrists",117
"19-3039","Psychologists, All Other",70
"25-1066","Psychology Teachers, Postsecondary",147
"27-3012","Public Address System and Other Announcers",44
"27-3031","Public Relations Specialists",366
"11-2031","Public Relations and Fundraising Managers",190
"53-7072","Pump Operators, Except Wellhead Pumpers",29
"13-1023","Purchasing Agents, Except Wholesale, Retail, and Farm Products",396
"11-3061","Purchasing Managers",223
"29-1124","Radiation Therapists",85
"27-4013","Radio Operators",2
"27-3011","Radio and Television Announcers",149
"49-2021","Radio, Cellular, and Tower Equipment Installers and Repairs",34
"29-2037","Radiologic Technologists and Technicians*",363
"49-3043","Rail Car Repairers",18
"53-4099","Rail Transportation Workers, All Other",1
"53-4013","Rail Yard Engineers, Dinkey Operators, and Hostlers",7
"47-4061","Rail-Track Laying and Maintenance Equipment Operators",8
"53-4021","Railroad Brake, Signal, and Switch Operators",4
"53-4031","Railroad Conductors and Yardmasters",1
"41-9021","Real Estate Brokers",151
"41-9022","Real Estate Sales Agents",288
"43-4171","Receptionists and Information Clerks",402
"39-9032","Recreation Workers",387
"25-1193","Recreation and Fitness Studies Teachers, Postsecondary",81
"29-1125","Recreational Therapists",128
"49-3092","Recreational Vehicle Service Technicians",43
"49-9045","Refractory Materials Repairers, Except Brickmasons",9
"53-7081","Refuse and Recyclable Material Collectors",297
"29-1111","Registered Nurses*",390
"21-1015","Rehabilitation Counselors",291
"47-2171","Reinforcing Iron and Rebar Workers",65
"21-2099","Religious Workers, All Other",48
"27-3022","Reporters and Correspondents",188
"43-4181","Reservation and Transportation Ticket Agents and Travel Clerks",152
"39-9041","Residential Advisors",216
"29-1126","Respiratory Therapists",274
"29-2054","Respiratory Therapy Technicians",74
"41-2031","Retail Salespersons",403
"49-9096","Riggers",42
"47-5051","Rock Splitters, Quarry",10
"51-4023","Rolling Machine Setters, Operators, and Tenders, Metal and Plastic",90
"47-5061","Roof Bolters, Mining",2
"47-2181","Roofers",288
"47-5012","Rotary Drill Operators, Oil and Gas",30
"47-5071","Roustabouts, Oil and Gas",44
"53-5011","Sailors and Marine Oilers",55
"41-9031","Sales Engineers",171
"11-2022","Sales Managers",390
"41-3099","Sales Representatives, Services, All Other",382
"41-4012","Sales Representatives, Wholesale and Manufacturing, Except Technical and Scientific Products",401
"41-4011","Sales Representatives, Wholesale and Manufacturing, Technical and Scientific Products",353
"41-0000","Sales and Related Occupations",403
"41-9799","Sales and Related Workers, All Other*",323
"51-7041","Sawing Machine Setters, Operators, and Tenders, Wood",132
"25-2031","Secondary School Teachers, Except Special and Career/Technical Education",348
"43-6014","Secretaries and Administrative Assistants, Except Legal, Medical, and Executive",403
"41-3031","Securities, Commodities, and Financial Services Sales Agents",321
"33-9032","Security Guards",399
"49-2098","Security and Fire Alarm Systems Installers",184
"25-3021","Self-Enrichment Education Teachers",315
"51-9141","Semiconductor Processors",20
"51-9012","Separating, Filtering, Clarifying, Precipitating, and Still Machine Setters, Operators, and Tenders",123
"47-4071","Septic Tank Servicers and Sewer Pipe Cleaners",140
"47-5013","Service Unit Operators, Oil, Gas, and Mining",34
"27-1027","Set and Exhibit Designers",46
"51-6051","Sewers, Hand",20
"51-6031","Sewing Machine Operators",241
"39-5093","Shampooers",49
"47-2211","Sheet Metal Workers",305
"53-5031","Ship Engineers",24
"43-5071","Shipping, Receiving, and Traffic Clerks",402
"51-6042","Shoe Machine Operators and Tenders",3
"51-6041","Shoe and Leather Workers and Repairers",19
"49-9097","Signal and Track Switch Repairers",1
"39-5094","Skincare Specialists",125
"51-3023","Slaughterers and Meat Packers",61
"39-1012","Slot Supervisors",21
"19-4061","Social Science Research Assistants",55
"25-1069","Social Sciences Teachers, Postsecondary, All Other",12
"19-3099","Social Scientists and Related Workers, All Other",88
"25-1113","Social Work Teachers, Postsecondary",37
"21-1029","Social Workers, All Other",221
"11-9151","Social and Community Service Managers",354
"21-1093","Social and Human Service Assistants",384
"19-3041","Sociologists",13
"25-1067","Sociology Teachers, Postsecondary",86
"15-1132","Software Developers, Applications",316
"15-1133","Software Developers, Systems Software",255
"19-1013","Soil and Plant Scientists",62
"27-4014","Sound Engineering Technicians",71
"25-2053","Special Education Teachers, Middle School",254
"25-2041","Special Education Teachers, Preschool, Kindergarten, and Elementary School*",333
"25-2054","Special Education Teachers, Secondary School",290
"29-1127","Speech-Language Pathologists",344
"51-8021","Stationary Engineers and Boiler Operators",175
"43-9111","Statistical Assistants",61
"15-2041","Statisticians",93
"43-5081","Stock Clerks and Order Fillers",403
"47-2022","Stonemasons",53
"47-2221","Structural Iron and Steel Workers",204
"51-2041","Structural Metal Fabricators and Fitters",245
"21-1011","Substance Abuse and Behavioral Disorder Counselors",252
"29-1067","Surgeons",198
"29-2055","Surgical Technologists",288
"19-3022","Survey Researchers",67
"17-3031","Surveying and Mapping Technicians",241
"17-1022","Surveyors",229
"43-2011","Switchboard Operators, Including Answering Service",363
"51-6052","Tailors, Dressmakers, and Custom Sewers",121
"53-7121","Tank Car, Truck, and Ship Loaders",35
"47-2082","Tapers",77
"13-2081","Tax Examiners and Collectors, and Revenue Agents",143
"13-2082","Tax Preparers",230
"53-3041","Taxi Drivers and Chauffeurs",329
"25-9041","Teacher Assistants",389
"25-3999","Teachers and Instructors, All Other*",363
"51-2092","Team Assemblers",366
"27-3042","Technical Writers",160
"49-2022","Telecommunications Equipment Installers and Repairers, Except Line Installers",319
"49-9052","Telecommunications Line Installers and Repairers",268
"41-9041","Telemarketers",263
"43-2021","Telephone Operators",52
"43-3071","Tellers",402
"47-2053","Terrazzo Workers and Finishers",9
"51-6061","Textile Bleaching and Dyeing Machine Operators and Tenders",24
"51-6062","Textile Cutting Machine Setters, Operators, and Tenders",61
"51-6063","Textile Knitting and Weaving Machine Setters, Operators, and Tenders",42
"51-6064","Textile Winding, Twisting, and Drawing Out Machine Setters, Operators, and Tenders",25
"51-6099","Textile, Apparel, and Furnishings Workers, All Other",47
"29-1128","Therapists, All Other*",97
"47-2044","Tile and Marble Setters",149
"51-2093","Timing Device Assemblers and Adjusters",5
"51-9197","Tire Builders",12
"49-3093","Tire Repairers and Changers",325
"23-2093","Title Examiners, Abstractors, and Searchers",166
"51-4194","Tool Grinders, Filers, and Sharpeners",60
"51-4111","Tool and Die Makers",204
"39-7011","Tour Guides and Escorts",112
"53-6041","Traffic Technicians",30
"11-3131","Training and Development Managers",134
"13-1151","Training and Development Specialists",370
"33-3052","Transit and Railroad Police",2
"53-6061","Transportation Attendants, Except Flight Attendants",54
"53-6051","Transportation Inspectors",86
"33-9093","Transportation Security Screeners* (federal only)",140
"53-6099","Transportation Workers, All Other",95
"53-0000","Transportation and Material Moving Occupations",403
"11-3071","Transportation, Storage, and Distribution Managers",290
"41-3041","Travel Agents",182
"39-7012","Travel Guides",9
"37-3013","Tree Trimmers and Pruners",100
"27-2023","Umpires, Referees, and Other Sports Officials",54
"51-6093","Upholsterers",104
"19-3051","Urban and Regional Planners",190
"39-3031","Ushers, Lobby Attendants, and Ticket Takers",174
"29-1131","Veterinarians",262
"31-9096","Veterinary Assistants and Laboratory Animal Caretakers",260
"29-2056","Veterinary Technologists and Technicians",272
"25-1194","Vocational Education Teachers, Postsecondary",247
"35-3031","Waiters and Waitresses",403
"49-9064","Watch Repairers",10
"51-8031","Water and Wastewater Treatment Plant and System Operators",363
"43-5111","Weighers, Measurers, Checkers, and Samplers, Recordkeeping",238
"51-4121","Welders, Cutters, Solderers, and Brazers",384
"51-4122","Welding, Soldering, and Brazing Machine Setters, Operators, and Tenders",137
"53-7073","Wellhead Pumpers",24
"13-1022","Wholesale and Retail Buyers, Except Farm Products",288
"51-7099","Woodworkers, All Other",35
"51-7042","Woodworking Machine Setters, Operators, and Tenders, Except Sawing",194
"43-9022","Word Processors and Typists",208
"27-3043","Writers and Authors",140
"19-1023","Zoologists and Wildlife Biologists",75
